,grade,GDP_acc,prob
0,1,0.026000000000000002,0.0027067882386392333
1,2,0.026000000000000002,0.005085308733021137
2,3,0.026000000000000002,0.13521476059143894
3,4,0.026000000000000002,0.4402855108461654
4,5,0.026000000000000002,0.5635289444139706
5,6,0.026000000000000002,0.6093484357203865
6,7,0.026000000000000002,0.733384094290587
