,grade,GDP_acc,prob
0,1,0.026000000000000002,0.0027067882386417005
1,2,0.026000000000000002,0.005085308733019658
2,3,0.026000000000000002,0.1352147605913303
3,4,0.026000000000000002,0.44028551084655587
4,5,0.026000000000000002,0.5635289444141328
5,6,0.026000000000000002,0.6093484357201995
6,7,0.026000000000000002,0.7333840942907011
